{"Fid":"fU8cUav_QAuOqopkrZYvqT","Status":3,"AuthToken":"eyJhbGciOiJFUzI1NiIsInR5cCI6IkpXVCJ9.eyJhcHBJZCI6IjE6ODUwMjIwMDM3MDgxOmFuZHJvaWQ6MmE1OGNhMjhkNmEzZDM0YiIsImV4cCI6MTc2NzcyNzEwMCwiZmlkIjoiZlU4Y1Vhdl9RQXVPcW9wa3JaWXZxVCIsInByb2plY3ROdW1iZXIiOjg1MDIyMDAzNzA4MX0.AB2LPV8wRQIgZpq_v3_kceDJDexaDIVJvCQjy8VKNV3QIgDDDwqC8i4CIQCt-kNMdrBMnGTSSZKOTtYlDpLoHZwMKHYNknBqFB-ZoA","RefreshToken":"3_AS3qfwL2hk1g21QrbQctnkY4ZZFV7eawwvrJaVSVn7rH55P0eS5HssKuYQx8ioLrAiKYCSOanERYzuVX-B8TgTHgIW-r_cotmBAgR32OZF6LBgs","TokenCreationEpochInSecs":1767122300,"ExpiresInSecs":604800}