<?xml version='1.0' encoding='utf-8' standalone='yes' ?>
<map>
    <long name="LAST_APPLICATION_SETTLE_TIMESTAMP" value="1767122374245" />
    <string name="SDK_SETTING_KEY">9d3da93020ba2e25a4b924100b9efb44041b6cba</string>
    <string name="FOLDER_SIZE">{&quot;size&quot;:919989,&quot;timestamp&quot;:1767122374302}</string>
    <string name="SDK_SETTINGS_SESSION_CONFIGURATION_STORAGE">{&quot;Qi88qLGS9sL-CvpaKGEov&quot;:{&quot;allowedRecording&quot;:true}}</string>
    <string name="SDK_VIDEO_SIZE">{&quot;width&quot;:320,&quot;height&quot;:720}</string>
    <long name="APPLICATION_START_TIMESTAMP" value="1767122297743" />
    <string name="REFERRER_VALUE"></string>
    <string name="REFERRER_SOURCE">com.google.android.packageinstaller</string>
    <string name="LAST_KNOWN_SDK_VERSION">2.0.1</string>
    <string name="last_visitor_id">3g53NPYL9KQ342OEH0po8</string>
    <string name="session_to_visitor_map">{&quot;Qi88qLGS9sL-CvpaKGEov&quot;:&quot;3g53NPYL9KQ342OEH0po8&quot;}</string>
</map>
