<?xml version='1.0' encoding='utf-8' standalone='yes' ?>
<map>
    <string name="comms_dmn:466-K5K-485Z">in1.clevertap-prod.com</string>
    <int name="comms_last_ts:466-K5K-485Z" value="1767122335" />
    <string name="comms_dmn_spiky:466-K5K-485Z">in1-spiky.clevertap-prod.com</string>
    <string name="SP_KEY_PROFILE_IDENTITIES:466-K5K-485Z">Email,Identity</string>
    <int name="sexe:466-K5K-485Z" value="1767122373" />
    <string name="cachedGUIDsKey:466-K5K-485Z">{&quot;Email_diskwala359@gmail.com&quot;:&quot;__gab272a7873c844029d47e769176760e1&quot;,&quot;Identity_281874042&quot;:&quot;__gab272a7873c844029d47e769176760e1&quot;}</string>
    <int name="istc_inapp:__gab272a7873c844029d47e769176760e1:466-K5K-485Z" value="0" />
    <string name="ict_date:__gab272a7873c844029d47e769176760e1:466-K5K-485Z">31122025</string>
    <int name="comms_first_ts:466-K5K-485Z" value="1767122300" />
    <int name="comms_mtd:466-K5K-485Z" value="0" />
    <int name="pfjobid" value="1963534862" />
    <string name="deviceId:466-K5K-485Z">__gab272a7873c844029d47e769176760e1</string>
    <string name="instance:466-K5K-485Z">{&quot;accountId&quot;:&quot;466-K5K-485Z&quot;,&quot;accountToken&quot;:&quot;353-664&quot;,&quot;analyticsOnly&quot;:false,&quot;isDefaultInstance&quot;:true,&quot;useGoogleAdId&quot;:true,&quot;disableAppLaunchedEvent&quot;:false,&quot;personalization&quot;:true,&quot;debugLevel&quot;:0,&quot;createdPostAppLaunch&quot;:false,&quot;sslPinning&quot;:false,&quot;backgroundSync&quot;:true,&quot;getEnableCustomCleverTapId&quot;:false,&quot;beta&quot;:false,&quot;allowedPushTypes&quot;:[&quot;FCM&quot;,&quot;XPS&quot;,&quot;HPS&quot;,&quot;BPS&quot;,&quot;ADM&quot;]}</string>
    <int name="lastSessionId:466-K5K-485Z" value="1767122299" />
    <string name="fcm_token:466-K5K-485Z">fU8cUav_QAuOqopkrZYvqT:APA91bElGyan4v4PYEfjAHS53MoB24OUhRqP-xuyIs4g6Ktz1Ey1vGxEm5OS4RumsutsFB7FX6WmpGuMx3Sruo7LoYO6cObW6MeiimZR0Kn04ZsnEb51j8s</string>
</map>
